"Name","Processid","ParentProcessid"
"System Idle Process","0","0"
"System","4","0"
"smss.exe","256","4"
"csrss.exe","344","332"
"wininit.exe","412","332"
"csrss.exe","420","404"
"winlogon.exe","468","404"
"services.exe","548","412"
"lsass.exe","556","412"
"svchost.exe","640","548"
"svchost.exe","700","548"
"svchost.exe","800","548"
"svchost.exe","832","548"
"svchost.exe","856","548"
"svchost.exe","408","548"
"svchost.exe","980","548"
"svchost.exe","1020","548"
"svchost.exe","1380","548"
"svchost.exe","1432","548"
"MsMpEng.exe","1556","548"
"svchost.exe","1916","548"
"svchost.exe","816","548"
"NisSrv.exe","2140","548"
"msdtc.exe","1304","548"
"svchost.exe","808","548"
"taskhostw.exe","2284","800"
"cmd.exe","2536","692"
"conhost.exe","352","2536"
"powershell.exe","2956","2536"
"wsmprovhost.exe","2224","640"
"wsmprovhost.exe","936","640"
"wsmprovhost.exe","356","640"
"wsmprovhost.exe","2384","640"
"wsmprovhost.exe","2668","640"
"wsmprovhost.exe","564","640"
"wsmprovhost.exe","916","640"
"wsmprovhost.exe","2584","640"
"wsmprovhost.exe","1580","640"
"WmiPrvSE.exe","1160","640"
"wsmprovhost.exe","780","640"
"wsmprovhost.exe","2900","640"
"wsmprovhost.exe","2664","640"
"wsmprovhost.exe","2388","640"
"wsmprovhost.exe","2328","640"
